{
    "name": "ThingsBoard",
    "keywords": "mqtt, iot, arduino, esp8266, embedded, esp32, arduino-library, mcu, thingsboard, m5stack-library, arduino-nano-rp2040-connect, arduino-nano-rp2040, raspberry-pi-pico-w",
    "description": "Arduino library to connect with ThingsBoard IoT Platform over MQTT or HTTP/S",
    "repository": {
        "type": "git",
        "url": "https://github.com/thingsboard/thingsboard-arduino-sdk"
    },
    "dependencies": {
        "bblanchon/ArduinoJson": "^6.21.2",
        "thingsboard/TBPubSubClient": "https://github.com/thingsboard/pubsubclient.git#v2.9.1",
        "arduino-libraries/ArduinoHttpClient" : "^0.4.0"
    },
    "version": "0.10.2",
    "examples": "examples/*/*.ino",
    "frameworks": "arduino",
    "license": "MIT"
}
